Artist,
abba,
avril lavigne,
black eyed peas,
chris brown,
coldplay,
dua lipa,
gregory porter,
james arthur,
john mayer,
katy perry,
lady gaga,
lil nas x,
megan trainor,
nick jonas,
pink sweat$,
ruel,
shawn mendes,
the beatles,
travis scott,
adele,
AJR,
ana free,
anne-marie,
ariana grande,
bad bunny,
beck,
beyonce,
billie eilsh,
bruno mars,
camila cabello,
cardi b,
charlie puth,
christopher,
ciara,
claire rosinkaranz,
conan gray,
daft punk,
doja cat,
drake,
ed sheeran,
eminem,
fifth harmony featuring kid ink,
gayle,
george benson,
halsey,
harry styles,
imagine dragons,
jack harlow,
jason mraz,
jeremy zucker,
john k,
john legend,
justin bieber,
justin timberlake,
kacey musgraves,
kali uchis,
ke$ha,
kehlani,
kelly clarkson,
kenya grace,
lany,
latto,
lauv,
lil baby,
lizzo,
mac miller,
marie digby,
meghan trainor,
michael jackson,
miley cyrus,
new hope club,
NF,
olivia rodrigo,
one direction,
one republic,
paul russell,
post malone,
queen,
reiley,
rihanna,
sade,
sam smith,
selena gomez,
shakira,
sia,
sigala,
SZA,
tate mcrae,
taylor swift,
the chainsmokers,
the vamps,
the weekend,
tones and i,
troye sivan,
tyla,
wham!,
whitney houston,
5 seconds of summer,
maroon5,
jason aldean,
morgan wallen,
luke combs,
Rema & Selena Gomez,
Gunna,
Olivia Rodrigo,
Lil Durk Featuring J. Cole,
Jelly Roll,
Toosii,
Miguel,
Metro Boomin,
Zach Bryan,
Eslabon Armado X Peso Pluma,
Bailey Zimmerman,
Nicki Minaj,
Tyler Hubbard,